frame_nmr,car_id,car_bbox,license_plate_bbox,license_plate_bbox_score,license_number,license_number_score
105,29,13.664086063765978 213.83210998160428 697.0856473512295 976.5354111649341,35.365264892578125 687.546875 289.81719970703125 786.0624389648438,0.7057525515556335,6440PU," "
106,29,12.667838525252023 222.6631820830209 718.4478971218546 966.2689548991088,75.70079040527344 683.0850219726562 329.31494140625 785.7760620117188,0.7317044138908386,64HOPU,0.13310598544384925
107,29,12.892258430000254 230.79543982875242 741.0499639173022 954.7788509747927,105.48898315429688 678.1434326171875 352.42950439453125 775.7825927734375,0.7396832704544067,6440PU,1.0
108,29,12.551332043159505 237.7423680481877 762.3080092428839 944.9557426512292,142.34197998046875 676.22119140625 380.366943359375 761.7952880859375,0.6852081418037415,6440PU,1.0
109,29,10.93645013202729 244.39108204435598 779.8264642819846 937.4965769791293,175.4788818359375 665.3319091796875 416.4017333984375 756.4613037109375,0.7115386128425598,6440PU,0.7784917304845466
110,29,9.830413959084808 248.27384334064192 797.443884817189 923.7055847260904,208.8391571044922 662.5523071289062 441.665771484375 748.5005493164062,0.6893142461776733,6440PU,1.0
111,29,18.55742932294072 254.2315434666312 822.419667153199 913.8199908502295,243.00860595703125 652.74951171875 469.66754150390625 744.88818359375,0.7039677500724792,6440PU,0.8943090813441006
112,29,36.91969233009195 258.53518172316274 846.0214793877473 907.1134425447016,274.8798828125 654.0708618164062 491.9111328125 733.0230102539062,0.6234531998634338,6440PU,1.0
113,29,61.85079464102199 262.12368083637983 868.902707428377 900.5257580434177,300.5205383300781 648.436767578125 521.23388671875 726.7642822265625,0.6900901794433594,6440PU,0.8612791411645895
114,29,87.105774006957 262.6650549431138 886.4966787674819 890.7288371259374,330.74267578125 645.2967529296875 537.32421875 722.4046630859375,0.7074654698371887,6440PU,0.9541920159467547
115,29,116.22055146805224 262.27396690948507 905.3309234075532 882.0989817682321,358.3370666503906 643.7618408203125 560.7394409179688 722.4129638671875,0.7144012451171875,6440PU,0.9760836770377534
116,29,146.2374964746083 261.1333581326333 922.4938806347053 873.3076428634222,386.2535705566406 643.7069702148438 586.2760620117188 719.3119506835938,0.6636455059051514,6440PU,0.7098142883698324
117,29,172.467244853949 260.35790056391056 936.822925965477 865.9212549146819,413.2065124511719 643.1322021484375 605.6508178710938 716.3282470703125,0.6765950322151184,6440PU,0.8584879529305113
118,29,199.1570988186822 258.4601561247939 949.6928679090054 856.7865980408155,434.57318115234375 641.5621337890625 624.9567260742188 710.0005493164062,0.683614194393158,6440PU,0.971487586460001
119,29,225.8675319094814 256.50421432617327 964.0578506035529 848.0447187421444,453.91485595703125 637.5556640625 646.465087890625 705.8666381835938,0.5930662155151367,6440PU,0.9495724846041929
120,29,252.86275479140414 257.08875704942864 978.0502057654417 841.5965930394185,473.1046142578125 632.44970703125 666.2221069335938 704.0926513671875,0.5601788759231567,64LOPU,0.5
121,29,273.6209588589803 264.2762737920035 987.389567036069 835.7362398922695,494.30645751953125 622.9402465820312 686.3623657226562 697.4392700195312,0.6418250203132629,64LOPU,0.5
122,29,298.6007049767065 276.6876806030885 999.0018530434768 832.1669705120912,520.396240234375 622.9715576171875 699.7205810546875 689.9854736328125,0.6245519518852234,64LDPU,0.19942082236421646
123,29,323.0318584275338 285.50171056997965 1009.991734284569 824.8294403423249,538.022216796875 620.8704833984375 719.6779174804688 685.1324462890625,0.5924503803253174,64LOPU,0.5
124,29,346.3851586295356 292.00082598986165 1021.659024344015 818.3460579707316,562.1245727539062 617.1692504882812 728.5862426757812 677.520263671875,0.6551653742790222,64LOPU,0.16386848883641797
125,29,370.8751034743289 297.43342788092167 1032.1280594284863 813.3865392990353,583.0257568359375 614.776611328125 748.302734375 677.5570068359375,0.6267504096031189,64LOPU,0.24049552399361274
126,29,394.5346005694133 301.51435882020917 1043.109922935209 807.1428807914498,594.19873046875 604.706787109375 768.3170166015625 673.4641723632812,0.6063107252120972,64LOPU,0.5
127,29,414.68894920779326 305.82926625325115 1050.868858284905 800.5381392160456,615.0291748046875 597.9799194335938 782.1970825195312 670.838623046875,0.6253629922866821,66LOPU,0.11997934746900855
128,29,435.166443061472 309.11525266894273 1060.8006487527632 795.3255777292095,632.749755859375 599.3148193359375 795.0704345703125 666.2041625976562,0.6280198693275452,64LOPU,0.5
129,29,456.5528776477295 310.5966182798535 1070.7885447235478 788.4835579862059,647.8917846679688 599.0482788085938 805.6246948242188 655.8389892578125,0.6335278153419495,64LOPU,0.5
130,29,475.3499012083314 313.24604709335665 1078.0171375649913 782.4904214710508,661.8902587890625 598.6170654296875 821.261962890625 656.314697265625,0.6558582186698914,64LOPU,0.5
131,29,493.8056007926321 316.5967023782205 1085.2080499417327 779.080433645353,675.0570068359375 598.0435180664062 838.2955322265625 654.933349609375,0.561962366104126,64LOPU,0.33576829569758315
132,29,512.0419259130479 319.4391415498526 1093.0612154332327 774.8678161052248,691.5250244140625 596.2962646484375 848.6947021484375 653.3383178710938,0.5924178957939148,64LOPV,0.5
133,29,529.4131355055071 322.1674316368037 1101.0547011540184 769.6701075756421,726.8092041015625 603.7498779296875 864.7230224609375 655.3603515625,0.4208301603794098,34LOPU,0.3818349542061466
134,29,548.0530387832437 325.14325263326396 1109.3016790490656 765.3987728247589,723.1953735351562 595.0792236328125 860.6270141601562 647.1355590820312,0.5785753726959229,6440PU,0.9954788684985605
135,29,564.2966977317253 326.9320820652864 1115.9964958964697 759.7205038255182,735.3775634765625 590.129638671875 887.7247924804688 649.1451416015625,0.47830942273139954,64LOPU,0.26715441309297905
136,29,579.092811705775 329.41622918708526 1122.5620838742952 755.603726452779,751.22705078125 591.700927734375 896.68408203125 645.0917358398438,0.5433829426765442,B4L0PV,0.1073725857104737
137,29,595.3946896919359 331.7577623173014 1129.3881375520496 751.6423525215183,769.496337890625 589.3518676757812 898.27880859375 637.7243041992188,0.4575437009334564,BL40PU,0.19218786266044752
138,29,610.5598946969824 333.97138997093566 1135.9608866671033 747.8540545634992,782.59130859375 587.66015625 911.984619140625 638.4596557617188,0.523871123790741,6L40PU,0.11442783355613903
139,29,626.0092292336794 336.1909781676911 1143.557306693371 743.8926645806187,791.3272705078125 586.198486328125 924.5057373046875 639.0510864257812,0.6304799914360046,64LOPU,0.3654178024351387
140,29,639.620646869362 338.9523154883974 1149.711427499849 740.5668164400819,805.0447998046875 586.3140869140625 937.6556396484375 636.4197998046875,0.4770439565181732,6440PU,0.6222153312241218
141,29,654.2552357308506 341.7293848418109 1156.1253603112864 737.4698422226899,817.08984375 583.5302734375 943.2550048828125 633.7447509765625,0.4990725517272949,6440RU,0.8305013492956814
142,29,666.7128525295992 343.55532288367453 1160.3049714678486 734.1485893683234,819.8025512695312 581.24609375 956.9518432617188 632.405029296875,0.47230005264282227,6440RU,0.6694504134925527
143,29,680.6157186392046 345.50175301852926 1165.5477009195097 731.5877228608493,827.65966796875 581.7154541015625 961.285888671875 631.30078125,0.3563498556613922,6440RU,0.8023405230440672
144,29,692.9165731726196 347.5693554957693 1170.092445704347 729.6049718828463,841.6268310546875 581.5673828125 971.8477783203125 630.6017456054688,0.4556463658809662,B44ORU,0.2179733117795322
145,29,705.9687555173168 349.41331589432053 1179.3895646138976 727.1700731254596,851.9862772623698 579.6685384114584 980.6834106445312 628.8836771647135,0,0,0
146,29,719.020937862014 351.2572762928717 1188.6866835234482 724.7351743680728,862.3457234700521 577.7696940104166 989.51904296875 627.1656087239584,0,0,0
147,29,732.0731202067112 353.10123669142297 1197.9838024329988 722.3002756106861,872.7051696777344 575.870849609375 998.3546752929688 625.4475402832031,0,0,0
148,29,745.1253025514085 354.9451970899742 1207.2809213425496 719.8653768532994,883.0646158854166 573.9720052083334 1007.1903076171875 623.7294718424479,0,0,0
149,29,758.1774848961056 356.7891574885254 1216.5780402521002 717.4304780959126,893.424062093099 572.0731608072916 1016.0259399414062 622.0114034016927,0,0,0
150,29,771.2296672408029 358.63311788707665 1225.8751591616508 714.9955793385259,903.7835083007812 570.17431640625 1024.861572265625 620.2933349609375,0.27669578790664673,6460RU,0.676319238994596
151,29,783.244518486304 360.05644755758965 1243.575718202576 712.3285647020983,910.4967956542969 566.7545776367188 1031.2022705078125 619.7611389160156,0,0,0
152,29,795.259369731805 361.47977722810265 1261.276277243501 709.6615500656708,917.2100830078125 563.3348388671875 1037.54296875 619.2289428710938,0.3698030114173889,6SL0RU,0.09616792275145732
153,29,802.1296674253916 363.5066622592411 1265.9128436449996 707.1759619403704,928.7108764648438 563.7351379394531 1044.5324096679688 617.3226013183594,0,0,0
154,29,808.9999651189783 365.53354729037954 1270.5494100464985 704.69037381507,940.211669921875 564.1354370117188 1051.5218505859375 615.416259765625,0.5509446859359741,64LORU,0.15291059711775443
155,29,815.6781298402141 367.0111800694968 1267.7559338539909 702.7730698855049,947.8683471679688 565.2753753662109 1057.48681640625 615.2189483642578,0,0,0
156,29,822.3562945614499 368.488812848614 1264.9624576614835 700.8557659559399,955.5250244140625 566.4153137207031 1063.4517822265625 615.0216369628906,0,0,0
157,29,829.0344592826857 369.9664456277312 1262.1689814689762 698.938462026375,963.1817016601562 567.5552520751953 1069.416748046875 614.8243255615234,0,0,0
158,29,835.7126240039215 371.44407840684846 1259.3755052764686 697.0211580968099,970.83837890625 568.6951904296875 1075.3817138671875 614.6270141601562,0.4919416606426239,64GOPU,0.04976169711037362
159,29,846.003709094287 373.35996727782344 1259.888095253626 695.0592329998099,980.4439086914062 568.177490234375 1085.2877197265625 614.1697387695312,0.5602691173553467,BE50RL,0.029726260910606494
160,29,855.5893899378543 374.4477806017035 1260.7570163126356 691.8985679322284,986.28515625 566.9309692382812 1092.6085815429688 612.1496276855469,0,0,0
161,29,865.1750707814215 375.5355939255836 1261.6259373716455 688.7379028646468,992.1264038085938 565.6844482421875 1099.929443359375 610.1295166015625,0.3505898416042328,BIC0PU,0.02115465556122198
334,126,13.956211007589559 200.16825180889123 769.3251134186081 1083.83761583579,48.78307342529297 766.2945556640625 322.2436828613281 897.3607177734375,0.7635080814361572,L244ZO,0.32577108217541345
335,126,13.048898926333038 208.79021304285334 782.3761928697306 1082.8794542910587,73.921875 765.4432983398438 351.9632568359375 894.2609252929688,0.7172335982322693,L244ZO,0.3538832277940092
336,126,13.383045427897116 212.74294443148938 797.7098707778175 1073.0956783166203,107.52110290527344 759.9404296875 376.5008239746094 886.270751953125,0.7681076526641846,L2HH7O,0.39243210546479956
337,126,14.577400720073513 216.76577318036 816.4651233772986 1064.0238992502263,129.26248168945312 760.4859008789062 396.43670654296875 879.6542358398438,0.7311457991600037,L2HH7O,0.4074532489991465
338,126,13.125398430746543 220.27119132032254 829.5318532651781 1053.3001166644456,163.33566284179688 753.6561279296875 424.7451171875 870.0972900390625,0.7433332800865173,L2HH7O,0.33199010148906766
339,126,12.195995094361422 225.0733205946911 841.7693724668759 1042.8496442779065,191.03228759765625 750.03955078125 441.9498596191406 857.354736328125,0.7258676886558533,LZ447O,0.31778876956934665
340,126,"17.571875696276352 234.36692142987292 857.1256610386603 1025.341706621707 ",221.44364404296876 746.0695190429688 466.77430725195314 845.9413645019532,,,
341,126,"22.947756298191284 243.66052267005475 872.4819496104447 1007.8337689655077 ",251.8549962768555 742.0994873046876 491.5987548828127 834.5279926757812,,,
342,126,"28.323636900106213 252.95412391023656 887.8382381822291 990.3258313093084 ",282.2663485107422 738.1294555664063 516.4232025146484 823.1146208496094,,,
343,126,"33.69951750202114 262.2477251504184 903.1945267540134 972.8178936531091 ",312.67770074462894 734.159423828125 541.2476501464844 811.7012490234376,,,
344,126,47.089438756884874 262.5123603680375 899.7908523517956 985.1159045616412,318.0030212402344 727.9745483398438 543.9661865234375 824.763427734375,0.765783965587616,LZHH70,0.43183981171673363
345,126,71.72682988433442 268.4175649904896 913.7972616410776 978.2880903763178,339.62025451660156 726.326904296875 562.0531616210938 820.3100280761719,0,0,0
346,126,96.36422101178397 274.3227696129418 927.8036709303597 971.4602761909944,361.23748779296875 724.6792602539062 580.14013671875 815.8566284179688,0.7173997163772583,L2HH7O,0.30035021976784215
347,126,123.15014363455185 279.89056957562576 940.5252530708433 962.9292425763606,379.3898010253906 724.40625 598.6514282226562 812.003173828125,0.7071307897567749,LZ447O,0.34830091798304336
348,126,148.17258895570723 285.32372420302397 951.2105842695153 952.1154811633409,405.4137268066406 721.258056640625 616.177734375 807.116943359375,0.7236731052398682,42HH70,0.5
349,126,173.13314944845172 288.78861933266325 961.455398710743 942.657338897154,419.64306640625 718.2406616210938 638.1093139648438 806.9879150390625,0.7236652970314026,LZ447O,0.5
350,126,195.330331332171 295.3847581893128 969.6435178359892 936.987665112236,439.763427734375 714.2162170410156 653.753662109375 803.2779235839844,0,0,0
351,126,217.52751321589028 301.9808970459623 977.8316369612354 931.3179913273179,459.8837890625 710.1917724609375 669.3980102539062 799.5679321289062,0.7268980145454407,LZ447Z,0.12328640354699491
352,126,240.1740071072246 307.7604007251246 987.7732871339862 925.0866295366718,479.1914978027344 708.5850219726562 681.8907470703125 794.6224365234375,0.701783299446106,L2HH7O,0.365576236335272
353,126,262.8379948603899 311.0599548368276 997.3141510954512 916.5924268442545,498.4768524169922 705.5592956542969 696.2772827148438 790.1585998535156,0,0,0
354,126,285.50198261355524 314.3595089485307 1006.8550150569162 908.0982241518373,517.76220703125 702.5335693359375 710.663818359375 785.6947631835938,0.7013616561889648,LZ4A7O,0.3066957103327328
355,126,305.86998715665624 317.6130020069897 1015.1813735373978 902.3180040121827,535.191650390625 700.3505859375 723.167724609375 781.4313354492188,0.7084048390388489,L2ZHH7,0.23128314200244038
356,126,325.1894386710002 320.6950695496638 1021.8969252949368 896.9305624391133,545.5317993164062 696.5961303710938 733.7039794921875 773.6737060546875,0.7194867730140686,LZ447O,0.1729003121538176
357,126,343.62602443777956 322.43589834662566 1029.2508562912085 889.7885842622092,561.5484008789062 693.3685607910156 746.498291015625 771.3262939453125,0,0,0
358,126,362.06261020455895 324.1767271435875 1036.6047872874803 882.646606085305,577.5650024414062 690.1409912109375 759.2926025390625 768.9788818359375,0.6963399648666382,42HH70,0.3379061426007566
359,126,379.5575448820918 327.3669116470088 1043.8087525487242 877.3843570287594,592.4044189453125 688.8544921875 776.107666015625 762.4271850585938,0.6834619641304016,E2HH7O,0.20597725865458388
360,126,396.7610861332528 330.6535670347503 1051.3697521752679 874.1023728384384,605.2535400390625 687.4598388671875 782.173095703125 757.5953979492188,0.630006730556488,L2HH7O,0.22599667202024243
361,126,413.68495933471974 333.7158814504658 1057.9242885430747 869.6809060761692,619.7179972330729 685.7141520182291 793.1822509765625 756.9534301757812,0,0,0
362,126,430.60883253618675 336.7781958661813 1064.4788249108815 865.2594393138999,634.1824544270834 683.9684651692709 804.19140625 756.3114624023438,0,0,0
363,126,447.5327057376537 339.8405102818968 1071.0333612786883 860.8379725516306,648.6469116210938 682.2227783203125 815.2005615234375 755.6694946289062,0.6887833476066589,LZ447O,0.34475553025024686
364,126,463.53611138678156 342.2415565485937 1077.7137764514669 856.5452400176571,660.5077514648438 679.2218017578125 831.0386352539062 751.195068359375,0.688675582408905,EZ44ZO,0.4112246520089766
365,126,480.03063093261136 345.445243234803 1086.3174638807466 853.8634076756646,672.8458251953125 676.1702270507812 836.776123046875 747.58154296875,0.7216669917106628,LZ44NO,0.18040916432178292
366,126,495.228372444536 348.99703805015713 1094.1192613176725 850.9087301609123,683.5986328125 673.708251953125 850.994384765625 746.8786010742188,0.6905282735824585,LZ447O,0.24717050186289857
367,126,509.03770650791563 351.4908357733895 1099.2162045260932 846.9164118814372,696.7273152669271 672.6996663411459 858.808837890625 741.4475911458334,0,0,0
368,126,522.8470405712952 353.98463349662194 1104.3131477345141 842.9240936019619,709.8559977213541 671.6910807291666 866.623291015625 736.0165812174479,0,0,0
369,126,536.6563746346749 356.4784312198543 1109.4100909429349 838.9317753224867,722.9846801757812 670.6824951171875 874.437744140625 730.5855712890625,0.6798949837684631,L2HH7O,0.3230067626498376
370,126,549.1963852153802 358.613468510909 1114.6117842623619 835.0647010827083,732.90576171875 669.8635864257812 884.8433532714844 730.5836181640625,0,0,0
371,126,561.7363957960856 360.74850580196363 1119.813477581789 831.1976268429298,742.8268432617188 669.044677734375 895.2489624023438 730.5816650390625,0.7008102536201477,L2HH7O,0.2520422380450053
372,126,576.1523687954048 364.297533765547 1126.2759236392149 828.5130414448046,757.4581298828125 668.0418701171875 898.8521728515625 729.820556640625,0.6726335287094116,LZ447O,0.15895494081271871
373,126,588.7922680033628 367.39432042577425 1131.9637676468801 826.1013832675895,767.300537109375 668.6328125 911.145263671875 728.046875,0.6036742329597473,LZ447O,0.3210062883996967
374,126,600.0051902988789 369.8285794091381 1136.341012430674 824.0986542815821,774.5915222167969 670.0718994140625 919.4151306152344 728.4486083984375,0,0,0
375,126,611.218112594395 372.262838392502 1140.718257214468 822.0959252955746,781.8825073242188 671.510986328125 927.6849975585938 728.850341796875,0.5221741199493408,L2HH7O,0.2893394158513592
376,126,623.1638893819087 375.0898536620319 1145.8696823201235 819.3261609253213,791.710693359375 668.9921569824219 936.2332763671875 728.2093505859375,0,0,0
377,126,635.1096661694223 377.9168689315618 1151.021107425779 816.556396555068,801.5388793945312 666.4733276367188 944.7815551757812 727.568359375,0.5413536429405212,LZ447O,0.2957751941000915
378,126,645.9835023914914 380.2728245521589 1155.7310204931355 813.9059334945913,810.9042663574219 664.1806640625 951.1966552734375 724.0671691894531,0,0,0
379,126,656.8573386135604 382.628780172756 1160.4409335604917 811.2554704341146,820.2696533203125 661.8880004882812 957.6117553710938 720.5659790039062,0.6347423195838928,L2HH7O,0.21238631304837358
380,126,668.8327934422518 384.2770314281173 1166.5848098955187 807.4471506820756,832.7103881835938 661.53466796875 962.35400390625 722.514892578125,0.6052286028862,42HH70,0.4541376812277053
381,126,678.8274553969902 385.3829079282357 1170.8799438777148 803.5647907857772,835.27001953125 657.9620971679688 972.2138671875 721.4127807617188,0.5876491665840149,EZ447O,0.24829056611941538
382,126,687.9218097330652 386.711123127271 1174.4984339224632 800.3957531819291,844.7330932617188 658.6124877929688 978.8699340820312 719.0962524414062,0.6897357702255249,L2HH7O,0.36444613878096693
383,126,698.0548637151536 389.0549210547896 1179.532678083014 797.7806371681141,855.9098510742188 660.0806884765625 980.8939819335938 718.6429443359375,0.6922473907470703,EZ447O,0.1993854128257634
384,126,706.4714203625922 391.4321217086017 1182.7924079822478 795.9485123613438,863.224853515625 651.932373046875 994.3778076171875 712.305908203125,0.6862400770187378,EZ447O,0.18525340755260186
385,126,716.6005902372726 394.3783795501307 1186.665089221758 794.7355677358638,869.1776733398438 652.80712890625 1000.374755859375 712.9197998046875,0.6649108529090881,L2HH7O,0.35442533988740593
386,126,725.2086098490755 396.20653443226354 1189.7457519044312 792.2151325654017,878.0758666992188 651.5224609375 1005.6968383789062 710.97021484375,0,0,0
387,126,733.8166294608783 398.03468931439636 1192.8264145871042 789.6946973949398,886.9740600585938 650.23779296875 1011.0189208984375 709.0206298828125,0,0,0
388,126,742.4246490726812 399.8628441965292 1195.9070772697773 787.1742622244777,895.8722534179688 648.953125 1016.3410034179688 707.071044921875,0.6651443839073181,L244ZO,0.3739063762791166
389,126,750.4881531696822 402.89388314805336 1199.013973338216 786.6521665166674,899.359130859375 650.920654296875 1021.3341064453125 707.0325927734375,0.5731927156448364,LZ447O,0.5
584,204,9.106675624701268 302.2834681192851 703.3676086775004 1057.4114574831624,23.7930908203125 601.9003295898438 296.74517822265625 714.7579345703125,0.6091604828834534,9L43NA,0.5
585,204,9.014563903313103 307.1470493089327 719.8746332286576 1051.334987726225,55.205108642578125 599.6821899414062 314.44384765625 709.4959106445312,0.6824179291725159,9L43NA,0.28886514010496844
586,204,8.20654662377433 311.61635770446577 734.7540124393262 1043.7494180269475,77.45292663574219 591.926513671875 345.92999267578125 711.9169921875,0.6989865899085999,9LL3NA,0.5
587,204,7.630950685733865 315.3442403087791 748.2541171970478 1036.003461583776,102.86531066894531 591.0151977539062 366.8262634277344 708.84130859375,0.7307990193367004,9LL3NA,0.4740411645941226
588,204,7.832643831465816 320.5460301209272 763.0912388106472 1031.112852437303,125.80293273925781 588.97314453125 386.303466796875 701.025390625,0.6534987688064575,9LL3NA,0.5
589,204,7.242366459965751 323.2052205642651 776.0147057362672 1023.4826609894224,154.97291564941406 586.8231811523438 401.6146545410156 698.6934814453125,0.6735955476760864,94L3NA,0.43206557166628395
590,204,6.704559427095262 325.64745839852924 788.7402954761626 1014.3843184425363,176.16595458984375 590.1176147460938 416.7989501953125 686.9133911132812,0.6940370798110962,94L3NA,0.3590397473795102
591,204,6.594167421825205 329.46461880697353 801.7168323494252 1006.4283876504071,196.4296875 584.10302734375 443.78692626953125 690.196533203125,0.679670512676239,9L43NA,0.4198539030396294
592,204,6.749710788712491 334.30519091116923 814.5032115090319 1001.2054109552424,225.87863159179688 586.8294067382812 455.568359375 682.3978271484375,0.7223273515701294,9443NA,1.0
593,204,19.65756378238558 339.93872954809575 832.7508546703664 997.8646716192779,248.8728790283203 586.6807250976562 481.980712890625 683.8104858398438,0.712378740310669,94L3NA,0.46136834367824864
594,204,37.76361796669045 342.4396306247613 850.3438585866434 988.7042268450407,272.7950439453125 586.5731201171875 500.48681640625 679.5655517578125,0.6681838035583496,9LL3NA,0.45178261690250215
595,204,59.91520945550735 347.2649209963585 868.659826251417 983.6653176770533,300.0093688964844 590.1773071289062 513.8259887695312 672.884765625,0.6366163492202759,9LL3NA,0.2312684375296111
596,204,79.05914759720395 350.2599495447047 881.3421421627778 974.3488450742808,317.7856140136719 588.990966796875 536.3021850585938 674.616455078125,0.6793149709701538,9LL3NA,0.5
597,204,102.12932715709621 353.8805352106666 897.4966090535042 965.1317050036786,332.52911376953125 586.6824951171875 554.7266845703125 678.8926391601562,0.6390979290008545,9LL3NA,0.45575980825902385
598,204,126.68260013328677 359.3610232924079 918.0411530297124 960.0473160765891,363.405029296875 582.771728515625 569.2904663085938 673.3258056640625,0.6563374400138855,9LL3NA,0.5
599,204,147.6472299655232 361.2624902063381 926.5700178703164 951.3300202699797,377.1178894042969 587.2294311523438 581.163330078125 668.1121826171875,0.6373586058616638,9LL3NA,0.43283645957108136
600,204,160.62828663354003 362.96690679788315 930.1218648354939 942.7804966139338,406.3260498046875 588.0374145507812 597.62841796875 667.9248657226562,0.6725512742996216,9L48NA,0.27657049263585365
601,204,181.07294574714626 366.2919666563 938.8537329833947 937.9291615985267,415.78509521484375 585.4664306640625 615.3226318359375 666.9446411132812,0.6784838438034058,9L48NA,0.41539990682419575
602,204,202.37357113751523 369.12415515652265 947.2737622474588 933.4424602418078,419.30804443359375 583.8316650390625 634.3624877929688 671.423095703125,0.537969172000885,PL48NA,0.41596799627243375
603,204,224.35734985056666 371.4031421093903 956.7555664242809 928.6081865287922,450.49310302734375 585.969482421875 644.3294677734375 659.388916015625,0.654209315776825,PL43NA,0.27658328696615936
604,204,244.78141023009198 373.2578265066478 965.0673116229373 923.7246716999174,464.1654968261719 585.15625 660.4117431640625 661.3927612304688,0.3286510407924652,PL23NA,0.3927208041911017
605,204,265.89090341410207 374.0469226697809 974.6556067439008 916.7220444318533,482.56640625 583.447509765625 669.3204345703125 653.682373046875,0.39503660798072815,94Z3NA,0.3222491223377731
606,204,284.3268538754749 375.3923935592333 980.9511132828143 911.0901827226498,499.76129150390625 582.257568359375 681.7996215820312 654.8251953125,0.4732896685600281,94L3NA,0.22744323156505392
607,204,303.4267384553257 376.12355161053335 987.3225611508533 904.6299424187072,509.89617919921875 578.2432250976562 696.2860107421875 656.1236572265625,0.26376280188560486,9LL3NA,0.34991015181429164
608,204,323.4172580700136 377.46244138726934 995.6054399237908 897.6974954957757,523.0325317382812 575.4180908203125 710.4790649414062 652.112548828125,0.35421663522720337,9LL3NA,0.5
609,204,341.174022563608 379.4443236896798 1004.439047642622 891.6794942875065,541.7231750488281 574.8688049316406 722.3556823730469 651.9770202636719,0,0,0
610,204,358.93078705720234 381.4262059920902 1013.2726553614531 885.6614930792373,560.413818359375 574.3195190429688 734.2322998046875 651.8414916992188,0.6064843535423279,9LL3NA,0.5
611,204,376.4111133115641 383.9212837687122 1023.4305640992677 882.4093671364639,577.7109375 573.843505859375 748.7952880859375 644.678955078125,0.5084105730056763,9LL3NA,0.5
612,204,392.39425974745023 384.81132084405544 1035.2192007063604 875.8260112025207,589.4576416015625 574.5508422851562 760.7437744140625 647.2855834960938,0.5745800733566284,9L43NA,0.5
613,204,411.3001566099978 386.5603493536138 1052.0845307982504 870.6850369448451,601.4514770507812 569.3204345703125 772.81201171875 643.1668090820312,0.6367645859718323,9LL3NA,0.5
614,204,424.6269996154605 388.0093072339872 1059.6387204834828 866.3187948972708,604.3112182617188 566.5852661132812 777.9420776367188 638.080078125,0.5975250005722046,94L3NA,0.3493091373988984
615,204,441.3864936747399 389.8712978432599 1068.3439076034565 862.4202285504914,619.8546142578125 565.7757568359375 789.5154418945312 637.216552734375,0.6749330163002014,9LL3NA,0.4622440976342374
616,204,452.78589515157944 391.1339505508741 1066.9777250633324 858.1117138647605,634.888671875 569.38525390625 800.9625244140625 632.5526123046875,0.6693217158317566,9LL3NA,0.5
617,204,467.0277065829823 393.2002803934553 1069.8194505776905 855.2061849585517,647.5599975585938 569.3358154296875 803.4041748046875 632.66552734375,0.6490705013275146,9LL3NA,0.4803889727776777
618,204,481.15215661537053 395.4023924539061 1073.0678437318006 852.9601113669412,661.7337646484375 567.64501953125 819.4132080078125 633.7750244140625,0.6226688027381897,94L3NA,0.5
619,204,487.7427231252063 397.5263054850335 1072.8374198035133 851.0123682211917,675.111572265625 573.0902099609375 809.297119140625 630.1319580078125,0.591310977935791,9LL3NA,0.5
620,204,505.31984075053214 399.5215944223871 1078.6760066545878 847.3810491290394,688.2840576171875 567.4781494140625 839.99072265625 633.924072265625,0.6035533547401428,9LL3NA,0.34128976497611363
621,204,521.2959656965579 401.18304264931135 1084.0965666830493 843.1801628971077,696.0431518554688 566.2197875976562 843.2252197265625 633.412353515625,0.5308653712272644,BL43NA,0.3641414902738591
622,204,514.0728953586811 401.8070723953257 1081.8156823196098 837.658535778292,709.1434936523438 561.929443359375 857.4993896484375 630.6414794921875,0.5471994280815125,9LL3NA,0.4025720565915071
623,204,539.5240336638662 406.3115441737817 1095.6494249628026 837.1429369481704,717.903076171875 566.9521484375 862.679443359375 629.3292236328125,0.5930290222167969,9LL3NA,0.2929303826881744
624,204,536.6630390146631 408.50442927798355 1100.704649792404 834.9332430543138,723.4080200195312 564.972412109375 873.20361328125 630.6157836914062,0.4574761390686035,9LL3NA,0.16440980967356736
625,204,564.2458703246106 410.4736119490102 1135.8595770950405 831.8997102674499,738.3619384765625 563.3814697265625 880.068359375 637.480224609375,0.5522487163543701,9LL3NA,0.5
626,204,583.8012376172624 411.17112353785916 1161.311051456805 827.803333077394,746.0286865234375 561.9058227539062 893.429931640625 633.3087158203125,0.49509063363075256,9LL3NA,0.5
627,204,598.6637948325913 413.79935593679505 1175.7640912533207 825.9310901544891,756.1185302734375 569.33642578125 899.2637329101562 633.73046875,0.6539497971534729,9LL3NA,0.2991269725948506
628,204,612.6184030125792 415.25286787450557 1183.8873445821107 822.9511969318932,769.6763305664062 571.0374755859375 908.3208618164062 628.9921875,0.647483766078949,9LZ3NA,0.4415411916658952
629,204,630.3100428615594 417.86849434597156 1190.5166976727533 821.5760815405781,777.9061889648438 574.1173095703125 892.1522827148438 626.5797729492188,0.38855957984924316,PL43NE,0.11785426464753859
630,204,651.4132865567308 418.65181116382405 1193.7319021866222 817.7978877503372,785.9049682617188 571.4163818359375 925.2383422851562 636.2265625,0.5894622802734375,BL48NA,0.35476532412460615
631,204,667.6947190989333 420.9413110746931 1193.6601154395557 816.1138517856945,794.6884765625 570.0989990234375 928.6990966796875 633.7938232421875,0.6509125828742981,BL48NA,0.5
632,204,677.5436493723473 422.61396097883767 1188.1086575571926 813.5301886968821,808.0171508789062 571.8133544921875 914.5014038085938 622.92431640625,0.4128623306751251,BL43NL,0.16347797290334165
633,204,689.2870719606658 424.2595149151961 1188.3014572053276 809.7630354350038,813.15576171875 570.346435546875 942.65234375 628.0008544921875,0.5554512739181519,BL48NA,0.3598217390912797
634,204,699.2782987705607 425.99451778188376 1187.0281035019113 806.8502441141331,824.512939453125 567.1972045898438 947.8632202148438 624.7681274414062,0.5927821397781372,BU48NA,0.4751011821918991
635,204,713.5231959123661 427.6541978070326 1189.3523835644633 804.5525041841764,833.5819702148438 568.1536865234375 958.5192260742188 624.8341674804688,0.6129789352416992,BU48NA,0.40014815709091683
636,204,724.6781074156918 429.0744996214156 1190.942413256489 802.415287689973,840.0521087646484 567.8203277587891 964.8480682373047 624.0799560546875,0,0,0
637,204,735.8330189190174 430.4948014357987 1192.532442948515 800.2780711957694,846.5222473144531 567.4869689941406 971.1769104003906 623.3257446289062,0,0,0
638,204,746.9879304223431 431.9151032501818 1194.1224726405405 798.1408547015659,852.9923858642578 567.1536102294922 977.5057525634766 622.571533203125,0,0,0
639,204,758.1428419256688 433.33540506456484 1195.7125023325664 796.0036382073624,859.4625244140625 566.8202514648438 983.8345947265625 621.8173217773438,0.5030099749565125,BL4INA,0.2483786715584936
629,220,9.400311798621829 310.3954191975628 734.1384892248166 1063.7673809063776,12.6185302734375 718.69677734375 267.17864990234375 822.6893310546875,0.6810526847839355,BB26XD,1.0
630,220,8.018268222246547 313.26001764525085 749.0343745894824 1052.462194895167,17.456588745117188 710.37890625 301.47509765625 817.3480224609375,0.6682113409042358,BB26XD,1.0
631,220,7.081875546366916 317.710137777131 763.5809483662781 1042.6671192891388,61.988983154296875 706.526123046875 327.88360595703125 811.2646484375,0.7138299942016602,BB26XD,1.0
632,220,5.862953531679182 322.120219301488 776.9616236637471 1034.044054764519,83.4696044921875 701.851806640625 346.965576171875 804.6722412109375,0.7120314240455627,BB26XD,1.0
633,220,5.8024337947413756 327.2931192288153 791.9325589105972 1028.2273749277074,120.39491271972656 697.428955078125 377.58685302734375 800.53271484375,0.7210978865623474,BB26XD,1.0
634,220,6.0813913856691215 330.8579431082717 807.2942806543099 1019.4837279732214,142.9853057861328 697.173828125 389.7085876464844 789.9344482421875,0.6879453659057617,BB26XD,1.0
635,220,5.3923077716316925 334.8933501270036 819.8716245106887 1012.718834015216,170.4232635498047 693.0811767578125 407.1124267578125 781.2072143554688,0.7181164026260376,BB26XD,1.0
636,220,4.869731486252647 338.08579280489147 832.5615807586662 1003.7838258155409,190.51370239257812 695.498779296875 427.94390869140625 778.20361328125,0.6657512187957764,BB26XD,1.0
637,220,4.824061126764548 340.9014069133948 845.6331434034614 993.3574511244965,219.8280029296875 690.7893676757812 450.3717956542969 779.52392578125,0.707878828048706,BB26XD,1.0
638,220,4.492450789971883 346.19010732183995 857.4730467644649 987.3194353972875,242.8198699951172 690.0863037109375 475.7242126464844 777.193115234375,0.7247519493103027,BB26XD,1.0
639,220,12.756357943641945 351.9082695653136 870.8834994839067 983.524830502983,261.46856689453125 688.2608032226562 491.233154296875 776.5858154296875,0.7391906380653381,BB26XD,1.0
640,220,30.632909833256463 354.05644741811585 886.955455448787 973.9361843066561,296.0859069824219 688.2493896484375 518.0782470703125 773.1455078125,0.7063708305358887,BB26XD,1.0
641,220,50.90062817134782 355.78697530016257 901.5159592859322 962.5987457581277,323.5157775878906 689.060791015625 527.3172607421875 767.265625,0.7023063898086548,BB26XD,1.0
642,220,72.53030120116159 357.1050945276203 914.9749148869486 949.9026216957469,335.4282531738281 687.7386474609375 554.5783081054688 767.059814453125,0.700904369354248,BB26XD,1.0
643,220,94.50503682303491 360.17869004463614 927.0662561788565 941.1511963339153,359.8243103027344 683.287353515625 566.2655639648438 764.22314453125,0.6743900179862976,BB26XD,1.0
644,220,116.19786356276433 365.3816435011716 937.5644247311825 938.4018601546243,374.7408142089844 681.252197265625 584.94091796875 761.9599609375,0.7099789381027222,BB26XD,1.0
645,220,138.9182861503436 368.27288894745845 947.4785784447104 934.3617973659949,395.66253662109375 683.3133544921875 604.0208129882812 754.2409057617188,0.6591991186141968,BB26XD,1.0
646,220,160.0432902541241 370.16388472240976 955.5217102512181 928.2480854284739,410.6836853027344 674.6004638671875 616.30712890625 751.8715209960938,0.6683308482170105,BB26XD,1.0
647,220,178.7592769420756 372.93064163657385 962.4389792343491 923.9352990164916,432.51416015625 668.8392333984375 625.8211669921875 744.9459228515625,0.7215627431869507,BB26XD,1.0
648,220,199.5178888360448 377.11980830709535 971.9774964574145 921.9522287699506,449.9253845214844 668.9483642578125 639.6512451171875 741.4288330078125,0.6747283339500427,BB26XD,1.0
649,220,218.2265321839986 379.76647840793595 979.7018269839418 918.6618034072517,464.34686279296875 665.3768310546875 661.053466796875 739.3668212890625,0.6513983607292175,BB26XD,1.0
650,220,229.97006719321303 380.50187413349306 983.4536159145428 910.4449626566719,483.4705810546875 666.8145751953125 669.8109130859375 738.1761474609375,0.673388659954071,BB26XD,1.0
651,220,251.77940845871586 380.85720419194126 991.9926753983475 900.1316724594783,499.483642578125 664.5210571289062 684.4190063476562 739.9146728515625,0.6272802948951721,BB26XD,1.0
652,220,273.10652944396844 383.6097138247627 1000.5178100010082 894.2048125839457,505.8948974609375 663.81787109375 694.0853271484375 735.7607421875,0.6131377220153809,BB26XD,1.0
653,220,290.61521170148893 388.1128411843132 1005.8606728093332 892.4658700171898,521.876953125 664.5803833007812 703.6256103515625 732.1497802734375,0.6389824748039246,BB26XD,1.0
654,220,309.04912680648147 390.75990910882535 1012.9103360355476 888.7445067121249,539.641845703125 663.7617797851562 713.2357177734375 731.97607421875,0.6513234972953796,BB26XD,1.0
655,220,326.93420865917994 394.03365143811607 1019.5739820434507 885.3887499773878,554.7490234375 659.0575561523438 732.685546875 730.5704345703125,0.6473325490951538,BB26XD,1.0
656,220,342.53967163097536 397.72600519715115 1024.1603381548114 883.2597130620097,564.63134765625 658.72216796875 741.298828125 727.447509765625,0.6496973633766174,BB26XD,1.0
657,220,357.28916574333846 400.0769730389518 1028.6926510847488 879.0001224015775,580.7164306640625 659.087646484375 752.2055053710938 722.946044921875,0.6263101100921631,BB26XD,1.0
658,220,372.2640695520318 401.96185086506944 1033.531973666571 874.423841570871,587.8209228515625 650.7291259765625 759.10693359375 725.216796875,0.6983137726783752,BB26XD,1.0
659,220,386.4876227897412 404.18623856224167 1038.4157415992124 870.5292311603907,602.9114990234375 647.986083984375 770.71240234375 722.7686767578125,0.6872009038925171,BB26XD,1.0
660,220,400.58606173256766 407.1639158947053 1043.9439241594955 867.1862430395024,613.4644775390625 646.6876220703125 780.2125854492188 722.8167724609375,0.7289650440216064,BB26XD,1.0
661,220,413.56749969245504 410.5415311007706 1047.8709747038029 865.7670605168684,627.5980224609375 647.5593872070312 789.6873779296875 720.3245239257812,0.7027456164360046,BB26XD,1.0
662,220,428.28511832429695 413.34608448218745 1052.6815098626926 862.882046787184,634.3701171875 646.0379638671875 800.643310546875 716.7613525390625,0.6383515000343323,BB26XD,1.0
663,220,439.8260857132717 415.1441902556926 1056.0054956787626 858.8110040661377,639.0115356445312 645.329345703125 809.925537109375 717.0989990234375,0.6878389120101929,BB26XD,1.0
664,220,453.940589969966 418.57103729558776 1061.2630101597501 856.5056642630732,652.5233154296875 645.97265625 817.671630859375 715.2006225585938,0.5617541670799255,BB26XD,1.0
665,220,466.2397002895903 421.66084688111823 1065.5457392415294 854.1344691947786,664.3840942382812 643.35498046875 827.6533203125 716.1271362304688,0.6027706265449524,BB26XD,1.0
666,220,477.6401065936636 424.6473784137201 1069.0542614796461 852.12314605186,678.4664306640625 641.676513671875 832.258544921875 714.565185546875,0.4679763615131378,BB26XD,1.0
667,220,490.40064972935835 426.5460659200544 1072.3852491867735 849.6424387950451,684.78857421875 642.8046875 838.413818359375 717.03125,0.5567181706428528,BB26XD,1.0
668,220,500.80565597828786 428.8374569277486 1074.5420118791706 848.057495707301,692.515869140625 644.4766845703125 846.2843627929688 715.1984252929688,0.624223530292511,BB26XD,1.0
669,220,511.77923912961444 430.9857584954763 1077.7570583447755 845.7296752495106,700.7382202148438 642.4724731445312 853.2500610351562 715.970458984375,0.6322387456893921,BB26XD,1.0
670,220,522.2129961813093 433.1301375202378 1081.6205189738257 843.8113303062429,707.69580078125 643.90576171875 858.5177001953125 716.2542724609375,0.6826650500297546,BB26XD,1.0
671,220,532.5827655931369 435.0674106122757 1085.6245080672097 841.3643200572097,718.9083251953125 647.8394165039062 864.7833251953125 713.974365234375,0.5858043432235718,BB26XD,1.0
672,220,541.9499928031137 437.1075237919749 1088.4412063665834 839.745725976511,728.2273559570312 645.2625732421875 874.1217041015625 715.7138671875,0.6696276664733887,BB26XD,1.0
673,220,550.0582825853928 438.0985944395437 1091.3520494986315 835.7855224704987,734.0379028320312 645.4393310546875 876.7144775390625 713.2406005859375,0.6549651622772217,BB26XD,0.8646811389666683
674,220,557.5612121807408 440.2748763977794 1094.173792573282 832.4853025077038,741.7391967773438 647.9288330078125 876.8666381835938 712.1439208984375,0.6026588678359985,BB26XD,1.0
675,220,566.842250793174 443.0140348246205 1098.3562561713102 831.1018677583311,748.5308227539062 646.570068359375 883.1619873046875 709.53173828125,0.5353577136993408,BB26XD,1.0
676,220,576.9415414228542 445.60715253407864 1101.2685286433693 828.7111252770761,753.9080810546875 647.6453857421875 893.2124633789062 707.461181640625,0.5689021348953247,BB26XD,0.45292707354199163
677,220,586.9850135423793 448.6675358778655 1104.4229573893622 826.9982037798836,761.0172119140625 646.7815551757812 896.95068359375 707.7520141601562,0.6349905729293823,BB26XD,1.0
678,220,595.5814600291104 451.0786330037581 1106.9783136500666 825.1594687864804,772.2467651367188 646.075927734375 903.5040893554688 707.489013671875,0.6143844723701477,BB26XD,1.0
679,220,603.5865761967793 452.766851806708 1109.061928541903 823.388600820038,778.0548706054688 646.5064086914062 909.886962890625 708.1466979980469,0,0,0
680,220,611.5916923644484 454.455070609658 1111.1455434337392 821.6177328535957,783.8629760742188 646.9368896484375 916.2698364257812 708.8043823242188,0.5063461065292358,BB26XD,0.5
681,220,619.8286093128893 455.8085814864937 1113.1690187705071 819.3877663969511,789.5377807617188 646.5789184570312 923.9086303710938 708.6492919921875,0.4163646101951599,BB26XD,0.8478892841539656
682,220,627.0880707730964 458.32326796103797 1114.8584572728837 818.0398511915923,796.4609985351562 648.4927368164062 916.9696655273438 704.8668823242188,0.27467483282089233,BB26XD,1.0
683,220,635.2726465263901 460.6666356217428 1117.9821357774636 816.5121204934259,802.0216827392578 648.0508880615234 923.7226867675781 704.5513153076172,0,0,0
684,220,643.4572222796837 463.01000328244754 1121.1058142820432 814.9843897952594,807.5823669433594 647.6090393066406 930.4757080078125 704.2357482910156,0,0,0
685,220,651.6417980329774 465.35337094315236 1124.2294927866228 813.456659097093,813.1430511474609 647.1671905517578 937.2287292480469 703.9201812744141,0,0,0
686,220,659.826373786271 467.69673860385717 1127.3531712912027 811.9289283989266,818.7037353515625 646.725341796875 943.9817504882812 703.6046142578125,0.38021382689476013,BB26XD,1.0
687,220,667.6679018725879 469.2895994087012 1131.3735657643867 809.9518726232361,825.6182556152344 648.3963928222656 947.1791381835938 702.8086242675781,0,0,0
688,220,675.5094299589048 470.88246021354513 1135.3939602375708 807.9748168475458,832.5327758789062 650.0674438476562 950.3765258789062 702.0126342773438,0.3353249430656433,BB26XD,1.0
689,220,681.9806580885532 472.7131550030705 1137.7806268016004 806.4321013210189,837.4606018066406 649.7082214355469 955.3402404785156 703.9380493164062,0,0,0
690,220,688.4518862182017 474.54384979259584 1140.16729336563 804.889385794492,842.388427734375 649.3489990234375 960.303955078125 705.8634643554688,0.4238739013671875,0B26X0,0.3288661651149538
691,220,694.2804355072827 477.1638034742256 1141.8939631311573 803.5593352557831,845.7657470703125 650.4904174804688 964.0859375 705.7657470703125,0.42825210094451904,BB26XO,0.5
692,220,700.9763126132099 479.77697886234085 1143.579897179561 802.1648542157945,852.1834716796875 651.3582763671875 964.9266357421875 708.3067626953125,0.34072381258010864,OB26XO,0.3058223965987074
693,220,707.6253263113142 480.5367269066958 1145.5372712297835 799.1599431912589,856.85546875 652.8724365234375 973.03173828125 705.7757568359375,0.3705197274684906,8826XO,0.897605115591424
694,220,714.2634511362995 480.4252883318299 1148.5684111290839 794.4835798169559,859.6675415039062 649.7695922851562 977.5585327148438 708.3117065429688,0.5541262626647949,BB26XO,0.9828744322282403
695,220,719.2993707512762 482.2004137565892 1150.6716069993652 793.56838987697,866.02734375 650.8021240234375 974.9615478515625 707.451171875,0.4639866054058075,BB26XO,1.0
696,220,727.2294188296905 482.81625677746837 1154.3989126567426 791.5408940484544,870.6806030273438 650.1036987304688 986.2776489257812 706.0308837890625,0.35356223583221436,BB26XD,1.0
697,220,732.4179432780172 485.04767153693257 1156.356580926954 792.6263761194498,878.9240112304688 647.5307006835938 997.2947387695312 704.3963012695312,0.504453182220459,BB26XD,1.0
698,220,739.4434801032249 486.99036243736873 1159.5368142033105 793.4807583123732,878.4647827148438 647.5787353515625 995.3199462890625 700.2783203125,0.27725133299827576,0826XD,0.7580456262758035
699,220,746.00340362258 487.26195056977366 1162.1239474796944 791.9090201509503,887.2532958984375 647.095458984375 999.6022338867188 698.7795715332031,0,0,0
700,220,752.5633271419351 487.5335387021786 1164.7110807560782 790.3372819895272,896.0418090820312 646.6121826171875 1003.884521484375 697.2808227539062,0.3682536780834198,8826XO,0.7675130589007809
701,220,758.7944651948603 488.7137577061435 1167.3852354286148 788.7035841406996,901.65966796875 645.55908203125 1011.5738525390625 695.341064453125,0.36059480905532837,8826XD,0.6951003094019061
702,220,764.717502500005 490.03551182416163 1169.4699395609903 788.2563655359297,902.5819702148438 644.3424072265625 1007.6229858398438 694.0747680664062,0.6160706877708435,0826KD,0.7059782342172047
703,220,770.549268924508 490.7825549661097 1171.4083367715796 787.3473366669259,913.4148559570312 645.0025634765625 1020.7714233398438 693.1199340820312,0.5978748202323914,I6BZ6K,0.17516291113707938
704,220,775.9687808224912 491.9468623654904 1173.65829794067 786.9234185737023,918.1499633789062 643.82958984375 1023.3524780273438 693.6099243164062,0.5971925854682922,8026XD,0.8603343598672222
705,220,782.3240738598174 492.4726414212797 1177.3077827828429 784.0349360241934,918.6919555664062 644.0165405273438 1022.3171997070312 690.2982177734375,0.4988653361797333,18B26X,0.11675936237763672
706,220,788.0861386487353 493.2188762520913 1179.8440959655773 781.3696536188916,923.5504150390625 641.6013793945312 1032.3873291015625 690.780029296875,0.34400859475135803,B92CXO,0.15826165852093074
707,220,794.3096536337599 493.97719615931635 1183.5326112417215 779.1242780649987,926.2933349609375 643.2757568359375 1031.7606201171875 691.528076171875,0.5527264475822449,B82CXO,0.043081093969455996
708,220,799.2088670439782 496.1056955079775 1186.193005442931 778.803668796148,927.5736694335938 643.3824462890625 1029.3095703125 689.4718017578125,0.3572803735733032,BB26XO,0.6085079581519159
709,220,804.505669718163 497.5274311657309 1188.232747016797 777.9493788334476,937.8463134765625 643.764892578125 1047.6043701171875 688.4610595703125,0.31933683156967163,BB26XO,0.6048095389868923
710,220,809.5166334380139 498.5298185106277 1189.1161778477638 776.9486159834504,941.6328735351562 645.0197143554688 1043.62158203125 691.6141357421875,0.47716042399406433,BB20KO,0.0653085051571373
718,256,16.420675470361175 208.55608319600378 659.3198818621253 1041.304289376512,44.74369812011719 684.5215454101562 275.32952880859375 788.003173828125,0.6140576004981995,66UP90,1.0
719,256,17.474399353847673 212.93233360623736 677.0336103422378 1031.4892264456687,80.75486755371094 684.0791015625 295.52264404296875 776.212890625,0.6820073127746582,66UP90,1.0
720,256,8.983155101142643 228.13771551176086 701.2842455124166 1012.573046893988,105.79328918457031 680.16357421875 313.8067932128906 776.4775390625,0.6315292716026306,66HP90,0.1499465042091468
721,256,10.522332374079326 227.64147675824915 717.5577988030259 1009.197508513653,128.2368621826172 674.61962890625 346.0326232910156 778.183837890625,0.5823768377304077,66HR90,0.18036283212068838
722,256,23.02016658085784 232.9266555376804 730.0712437546507 1003.2282234364966,150.63533401489258 674.0409901936849 364.5516637166341 774.3784434000651,0,0,0
723,256,35.51800078763635 238.21183431711162 742.5846887062755 997.2589383593402,173.03380584716797 673.4623514811198 383.0707041422526 770.5730489095052,0,0,0
724,256,48.01583499441486 243.49701309654287 755.0981336579003 991.2896532821836,195.43227767944336 672.8837127685547 401.5897445678711 766.7676544189453,0,0,0
725,256,60.51366920119337 248.78219187597412 767.6115786095252 985.3203682050272,217.83074951171875 672.3050740559896 420.10878499348956 762.9622599283854,0,0,0
726,256,73.01150340797189 254.06737065540534 780.12502356115 979.3510831278708,240.22922134399414 671.7264353434244 438.62782541910804 759.1568654378256,0,0,0
727,256,85.5093376147504 259.3525494348366 792.6384685127748 973.3817980507142,262.62769317626953 671.1477966308594 457.14686584472656 755.3514709472656,0,0,0
728,256,98.00717182152891 264.63772821426784 805.1519134643996 967.4125129735578,285.0261650085449 670.5691579182943 475.66590627034503 751.5460764567057,0,0,0
729,256,110.50500602830742 269.9229069936991 817.6653584160244 961.4432278964014,307.4246368408203 669.9905192057291 494.1849466959635 747.7406819661459,0,0,0
730,256,123.00284023508593 275.2080857731303 830.1788033676493 955.4739428192449,329.8231086730957 669.4118804931641 512.703987121582 743.9352874755859,0,0,0
731,256,135.50067444186445 280.4932645525615 842.6922483192741 949.5046577420885,352.2215805053711 668.833241780599 531.2230275472004 740.129892985026,0,0,0
732,256,147.99850864864297 285.7784433319928 855.2056932708989 943.535372664932,374.6200523376465 668.2546030680338 549.742067972819 736.3244984944662,0,0,0
733,256,160.49634285542146 291.063622111424 867.7191382225237 937.5660875877755,397.0185241699219 667.6759643554688 568.2611083984375 732.5191040039062,0.6026015877723694,66UP90,1.0
734,256,175.60533449024916 293.6534156426804 876.5422652947993 932.0728031303624,412.05853271484375 667.5628662109375 581.171630859375 734.6566162109375,0.5163887143135071,666UP9,0.5
735,256,200.7830979910189 298.20666355435543 889.1638941973674 927.5241752576476,429.15582275390625 655.7498779296875 604.1846923828125 735.9891357421875,0.5096724033355713,66UP90,1.0
736,256,220.55627030340747 302.4332785410755 897.0806550297714 922.7246622227992,446.6034851074219 659.0993041992188 614.5450439453125 730.1861572265625,0.6528724431991577,66UP90,0.9787985886716579
737,256,251.16012698211762 316.5334003650485 900.9373915063634 914.022132413442,463.467041015625 660.534912109375 625.3786010742188 729.7442626953125,0.5574103593826294,66UP90,0.928415843447099
738,256,272.50551856876103 326.0157239924673 910.963354232437 912.1968139998006,482.4308166503906 662.4049072265625 639.156005859375 728.268798828125,0.4876023828983307,66UPGO,0.20722056921657186
739,256,291.8675615268239 326.8028363660307 919.0322532759337 904.1530214058439,496.7288818359375 660.2652587890625 656.2428588867188 725.0546875,0.4800751805305481,66UP90,1.0
740,256,309.19463027918323 327.74510584417675 926.9261486468338 899.7835909307237,514.8280029296875 657.04541015625 665.1898193359375 723.5663452148438,0.47759726643562317,66UP90,1.0
741,256,326.374584169154 331.1313013998749 934.5323197245143 895.4150019469287,529.3311157226562 658.6139526367188 676.8602905273438 723.1944274902344,0,0,0
742,256,343.55453805912475 334.5174969555731 942.1384908021948 891.0464129631337,543.834228515625 660.1824951171875 688.53076171875 722.822509765625,0.39262619614601135,66UP90,1.0
743,256,359.2655139552469 337.0937075486308 950.413232156654 887.4434199345628,556.006591796875 659.0784912109375 699.401123046875 722.349365234375,0.3789404034614563,66UP90,1.0
744,256,374.6058115565258 341.9436553462296 956.3814584419363 882.4824150522727,569.4834594726562 655.8585205078125 713.5755615234375 718.5865478515625,0.4092347323894501,66UP90,0.9299161104270802
745,256,389.6462417017871 346.9154885029194 962.3375054426579 877.2583394739326,582.9992065429688 656.08984375 723.9845581054688 717.0784912109375,0.4198293685913086,66UP90,0.8723919737414092
746,256,401.10333763282637 350.8137183881615 967.4457360551955 875.3652837495706,595.1751708984375 656.5662841796875 737.9033203125 715.082275390625,0.464053213596344,66UP90,0.7207133238398229
747,256,418.88882815260354 356.1663003736398 977.2135133701588 873.5907803416144,605.4003295898438 653.2559814453125 752.2630004882812 715.8953857421875,0.4017719328403473,66UP90,0.7176025414842522
748,256,434.0280114101988 360.85493940824307 984.9764919494125 871.5346111547815,619.3067626953125 650.239990234375 762.9886474609375 714.8860473632812,0.5387502908706665,66UP90,0.8081313064044757
749,256,447.3597830122575 364.45306132249266 990.0934031308465 867.8702886605013,630.464599609375 653.7199096679688 754.8560791015625 706.288818359375,0.5046283006668091,66UP90,0.8368844786337442
750,256,464.0680362965267 364.53717748196306 999.8320776810099 864.1584209651169,643.336181640625 651.13818359375 773.392333984375 710.8575439453125,0.6424731016159058,65UPL9,0.10161690593483703
751,256,476.8914487897553 368.14190008651894 1005.6840379771711 862.1646272188151,653.3364868164062 651.236083984375 781.9675903320312 708.7674560546875,0,0,0
752,256,489.7148612829839 371.7466226910749 1011.5359982733323 860.1708334725133,663.3367919921875 651.333984375 790.5428466796875 706.6773681640625,0.34742164611816406,66UP9Q,0.10769709038750361
753,256,500.2425642061615 373.19220897698256 1015.7954226967081 858.8049275574824,674.3682861328125 653.0923461914062 787.4346313476562 706.6051025390625,0.2547326683998108,65HZ90,0.14216869396863127
754,256,512.6525873456461 373.28485297435316 1021.6236759523666 855.4701150604225,682.4798583984375 650.9273071289062 801.919189453125 708.5571899414062,0.46018967032432556,66UP9O,0.2328760294167306
755,256,518.4687686606436 378.5778301041664 1027.3946449700094 853.442224731421,689.520849609375  651.631276011467 808.2119422912598 708.7465362796783,0,66UP9O,0
756,256,526.0676365129351 381.66521634282626 1033.2548963924875 852.5431692391632,696.5618408203125 652.3352448240357 814.5046951293945 708.935882618041,0,66UP9O,0
757,256,533.6665043652265 384.7526025814861 1039.1151478149655 851.6441137469052,703.60283203125 653.0392136366044 820.7974479675293 709.1252289563417,0,66UP9O,0
758,256,541.265372217518 387.839988820146 1044.9753992374437 850.7450582546473,710.6438232421875 653.7431824491731 827.0902008056641 709.3145752947063,0,66UP9O,0
759,256,548.8642400698094 390.92737505880585 1050.8356506599218 849.8460027623893,717.684814453125 654.4471512617418 833.3829536437988 709.5039216330643,0,66UP9O,0
760,256,556.4631079221009 394.0147612974657 1056.6959020824  848.9469472701313,724.7258056640625 655.1511200743105 839.6757064819336 709.6932679714355,0,66UP9O,0
761,256,564.0619757743923 397.10214753612556 1062.556153504878 848.0478917778734,731.766796875 655.8550888868792 845.9684593200684 709.8826143097992,0,66UP9O,0
762,256,611.3156729010658 414.25009569589065 1063.6540713561521 844.6392737226925,738.8077880859375 656.5590576994479 852.2612121582031 710.0719606481628,0,66UP9O,0
763,256,611.3156729010658 414.25009569589065 1063.6540713561521 844.6392737226925,745.848779296875 657.2630265120166  858.5539659963379 710.2613069865186,0,66UP9O,0
764,256,611.3156729010658 414.25009569589065 1063.6540713561521 844.6392737226925,765.5189208984375 658.12548828125 880.3681640625 711.1405029296875,0.4498790204524994,66UP9O,0.13720445919075608
765,256,619.9084983214285 417.67230568319354 1067.570210576436 843.4395488751077,773.64697265625 656.77978515625 879.7608032226562 712.9960327148438,0.41256919503211975,66UP9O,0.03642872182151925
766,256,628.3273117455385 422.7311851339325 1071.0755374280516 843.3181052858135,781.017333984375 656.9067993164062 887.294677734375 711.9915161132812,0.46018171310424805,66UP9O,0.042896813055306515
831,297,6.389139609859171 384.74180015404534 692.0029046626472 1075.6644203110923,20.578582763671875 676.1583251953125 280.6592102050781 800.30712890625,0.7496405243873596,AS50AT,0.5
832,297,8.527867886158788 385.35006725072304 707.6700821489642 1076.2975500897876,41.686546325683594 678.3279418945312 307.51251220703125 788.6444091796875,0.6741097569465637,AS50AT,0.5
833,297,9.956290331062576 387.4663105352986 722.4363891868966 1076.8055799060044,64.79612731933594 674.13427734375 335.10076904296875 789.9589233398438,0.6892855763435364,AS50AT,0.5
836,297,5.506713029946468 395.0680563691545 772.6302663413281 1076.1219860718315,153.4966583251953 667.728271484375 392.38714599609375 770.3570556640625,0.6590754389762878,AS50AT,0.5
837,297,7.376929314297342 397.73332188925804 784.280191655243 1076.3866986456724,174.79595947265625 663.5374755859375 421.9497985839844 773.2132568359375,0.6920750141143799,AS50AT,0.5
838,297,9.262317363693398 400.450938019988 796.4432840113454 1074.8250905600394,214.1136932373047 665.6839599609375 440.89019775390625 767.1978149414062,0.6570505499839783,AS50AT,0.5
839,297,13.723587928888321 402.68522285057077 807.8961781094738 1067.153850939093,243.98529052734375 666.0027465820312 466.5176696777344 768.17041015625,0.6837779879570007,AS50AT,0.5
840,297,30.934672283778525 407.46424145100957 823.6490745962287 1061.6184403294774,263.4289855957031 665.098388671875 482.1568603515625 766.8956909179688,0.6755676865577698,AS50AT,0.5
843,297,107.73671011437108 427.9082169837032 863.0835282041253 1024.3404174720101,333.23681640625 675.5227661132812 522.539306640625 753.2908935546875,0.6454149484634399,AS50AT,0.4656962367178392
844,297,131.17893537279247 430.603663707637 874.5529262578337 1018.3536420217395,340.78436279296875 665.4532470703125 560.2947998046875 755.4373168945312,0.6727853417396545,AS50AT,0.5
845,297,153.32453232735259 430.35916403735473 886.3107771933068 1010.353279188432,366.0539855957031 666.0188598632812 565.3361206054688 752.488525390625,0.7059236764907837,AS50AT,0.5
846,297,178.16519670843888 430.8214582618132 901.7718890097332 1004.1851726886698,383.16375732421875 662.0535278320312 582.8966064453125 747.3160400390625,0.5679839849472046,AS50AT,0.1873963455923177
847,297,197.6463874107709 430.7503278157669 908.6657072589286 996.1631833514543,405.9732971191406 657.9945068359375 593.2550048828125 741.4329833984375,0.5413886904716492,AS50AT,0.2058443041406305
848,297,219.58534902568385 431.2381246257053 917.8593216375909 988.2483408597327,430.7088317871094 658.35498046875 611.583984375 739.043701171875,0.5144038796424866,AS50AT,0.381940025115628
849,297,240.32399721190757 433.4680366575806 927.1824614266287 982.5271382640606,440.31866455078125 654.1781616210938 625.6367797851562 735.4635009765625,0.6279253363609314,AS50AT,0.5
850,297,259.85083090194433 437.759037245694 934.4809433865721 978.9732781024248,462.2681579589844 653.5101928710938 640.721435546875 731.2395629882812,0.6606771349906921,AS50AT,0.5
851,297,281.31268004305156 440.0603599338244 944.0172287780711 972.7783271502051,473.7999572753906 654.8853149414062 662.6201171875 733.609130859375,0.5789018869400024,AS50AT,0.5
852,297,298.81578951894517 443.46739598232193 951.2914535537266 969.0510417850803,489.2080078125 654.6815185546875 674.0374145507812 730.8634643554688,0.59242182970047,AS50AT,0.5
853,297,317.89354565533876 444.957794925668 960.6043086907925 962.6101580501709,506.80999755859375 653.1719970703125 682.2680358886719 728.9516906738281,0.59242182970047,AS50AT,0
854,297,336.97130179173234 446.44819386901406 969.9171638278586 956.1692743152615,524.4119873046875 651.6624755859375 690.4986572265625 727.0399169921875,0.6889100670814514,AS50AT,0.5
855,297,355.3597592028116 447.9756173205228 979.8444790492997 950.8286760942474,537.3624267578125 650.141845703125 707.61376953125 721.48876953125,0.6497841477394104,AS50AT,0.5
856,297,371.9427479908234 449.4448380875969 985.954154387761 945.2682210025523,550.5692138671875 651.2734375 711.0206909179688 718.8660888671875,0.6431342959403992,AS50AT,0.5
857,297,388.76342145675864 451.98575644545303 993.8643548188538 941.4187703600498,567.947509765625 647.4432373046875 723.64794921875 716.9306640625,0.6915751099586487,AS50AT,0.5
858,297,404.72653685436416 454.7218110818601 1002.3656875295276 937.2287505005406,580.9011840820312 646.7158813476562 734.7515258789062 715.0325317382812,0.6583923101425171,AS50AT,0.5
859,297,420.6667632072233 457.29997634397597 1008.8474043974234 932.1492582743979,591.0596923828125 646.8355712890625 750.4658203125 712.709716796875,0.580973207950592,AS50AT,0.5
860,297,436.7031395045901 458.2292712492224 1015.2642467059741 925.908793702941,601.89111328125 646.337646484375 759.1405029296875 712.566650390625,0.5858333706855774,AS50AT,0.44405242596247024
861,297,452.3709786173276 460.64637223779397 1023.0902411224668 921.5366507802696,618.6967163085938 643.5023193359375 776.6200561523438 713.67236328125,0.60129314661026,AS50AT,0.5
862,297,467.05935578991 461.2871318905791 1029.8982979908328 916.328885700907,633.5655517578125 645.39501953125 788.03515625 710.310546875,0.43162301182746887,AS50AT,0.40918221583771963
863,297,482.4845281429569 463.901639902793 1036.709423179552 912.4965247705604,645.4337158203125 646.996337890625 798.0086669921875 710.0745849609375,0.5303258299827576,AS50AT,0.5
864,297,496.71403206809185 466.8923236884808 1044.4625259537208 909.7542013137225,658.2694702148438 646.2921752929688 805.013671875 710.968505859375,0.4835071861743927,AS50AT,0.5
865,297,511.1283604539362 468.7754016624971 1051.3447083379478 906.213145375668,672.8545532226562 648.17724609375 805.9868774414062 704.9503784179688,0.5058651566505432,AS50AT,0.5
866,297,525.6796914270906 470.2501480466352 1058.0393780027994 901.6442924709128,686.1400146484375 646.2542724609375 826.238037109375 702.7203369140625,0.41309258341789246,AS50AT,0.5
867,297,538.6240116658403 471.8696223596063 1064.189356871749 897.7928955003443,690.8754272460938 645.8204956054688 840.0728759765625 706.037109375,0.34288671612739563,AS50AT,0.5
868,297,550.9559342263842 473.3933407058582 1070.192375593595 894.6806998481466,704.1952362060547 644.9109039306641 846.8373718261719 703.0374755859375,0,0,0
869,297,563.2878567869283 474.91705905211006 1076.195394315441 891.5685041959489,717.5150451660156 644.0013122558594 853.6018676757812 700.037841796875,0,0,0
870,297,575.6197793474723 476.44077739836194 1082.198413037287 888.4563085437512,730.8348541259766 643.0917205810547 860.3663635253906 697.0382080078125,0,0,0
871,297,587.9517019080163 477.9644957446138 1088.2014317591331 885.3441128915534,744.1546630859375 642.18212890625 867.130859375 694.03857421875,0.37778162956237793,ASI5OA,0.3693181355887416
872,297,599.3673131648218 478.89754570959406 1093.9002822285906 883.1690309922627,752.6152954101562 639.9900512695312 873.896484375 695.7713012695312,0.3990871012210846,AS50AI,0.43614315732894454
873,297,611.1402725598527 479.63177339551146 1099.2252363558391 879.3891551677835,764.4576416015625 638.621337890625 875.2349853515625 694.5098876953125,0.6378663182258606,AS50AI,0.4261665316836143
874,297,622.458787324183 480.470466254573 1103.9954668102482 875.0897651327618,774.8555908203125 638.3262939453125 890.4833984375 695.441162109375,0.5915669798851013,AS50AT,0.2354352269860266
875,297,633.696837667838 482.2456155023416 1108.7215011402714 871.7890419455981,779.3388061523438 638.0054931640625 900.6190795898438 695.7515869140625,0.48651090264320374,AS50AV,0.2455617826996881
876,297,643.9294817133277 484.4992579293088 1114.080276793056 869.0857118109176,791.8736572265625 639.183349609375 913.987060546875 694.1373291015625,0.6370090842247009,AS50AM,0.3030711278213393
877,297,654.5865562650736 485.77983397140576 1119.2371024619108 866.173175094499,795.4912109375 638.6654052734375 919.7447509765625 692.273681640625,0.5004116296768188,ASI50A,0.18909023994231322
878,297,663.5659145813273 486.8965703819161 1122.0372812546416 863.4974337374836,808.55810546875 640.4298095703125 933.8966064453125 690.194580078125,0.5236702561378479,AS50AT,0.23592126474129238
879,297,673.2695279893928 488.4225538467413 1125.9336036595637 861.018154653751,818.79248046875 639.0860595703125 945.259521484375 691.4869384765625,0.5854488015174866,AS50AT,0.10761413341527602
880,297,683.1355185900263 488.6372917345253 1129.7192189288485 857.6462512301852,827.2113647460938 635.9454345703125 939.2034301757812 689.705810546875,0.5009067058563232,AS50AT,0.17803694044186488
881,297,693.3026604180934 489.708803648282 1135.3690375331066 855.6442481188167,832.5350646972656 637.575927734375 946.4966125488281 689.6247253417969,0,0,0
882,297,703.4698022461604 490.7803155620387 1141.0188561373648 853.6422450074482,837.8587646484375 639.2064208984375 953.789794921875 689.5436401367188,0.5595483779907227,AS50AT,0.32942511962947374
883,297,712.023316528692 492.11629398091907 1145.6587475370204 851.6140014129493,846.0194091796875 637.672607421875 964.2410888671875 688.7593994140625,0.6387441754341125,AS50AT,0.20034628972405977
884,297,720.6971707596074 494.2305093548193 1149.421363803955 850.0214580200718,855.0074462890625 637.4877522786459 971.7252197265625 689.3645222981771,0,0,0
885,297,729.3710249905228 496.34472472871954 1153.1839800708894 848.4289146271944,863.9954833984375 637.3028971354166 979.2093505859375 689.9696451822916,0,0,0
886,297,738.0448792214381 498.45894010261975 1156.946596337824 846.836371234317,872.9835205078125 637.1180419921875 986.6934814453125 690.5747680664062,0.548019528388977,ASI50A,0.11987169946290621
887,297,745.8255828362581 499.2414710991671 1159.8012216287816 843.0804242434128,885.7198486328125 639.4400634765625 996.17236328125 689.144775390625,0.6263304352760315,AS50AT,0.6198281875461579
888,297,754.7905776444272 500.799003261651 1164.1743578173018 840.5805568331298,889.23095703125 638.3985595703125 1000.9200744628906 689.0940551757812,0,0,0
889,297,763.7555724525963 502.3565354241349 1168.5474940058218 838.0806894228466,892.7420654296875 637.3570556640625 1005.6677856445312 689.0433349609375,0.6263542175292969,AS50AM,0.18225484328038344
890,297,771.8495575028804 502.6865926914805 1171.7336939035567 834.3395165186398,898.9852294921875 636.1650390625 1010.3700256347656 687.4155883789062,0,0,0
891,297,779.9435425531645 503.01664995882606 1174.919893801292 830.5983436144331,905.2283935546875 634.9730224609375 1015.072265625 685.787841796875,0.5543310046195984,AS50AT,0.16379446838462236
892,297,787.6982027184229 502.76055535607895 1178.5217182340584 825.8208483792504,916.4129638671875 633.9083251953125 1026.3668212890625 687.7503051757812,0.6472249031066895,FA55OA,0.05422459686299148
893,297,796.0875170505417 502.5492711579358 1182.586879502208 822.2525838578484,924.29736328125 631.11767578125 1031.1416015625 685.639404296875,0.5231037139892578,AS50AM,0.13190314927587152
894,297,802.9147125150629 502.58568165517147 1185.3831787834768 819.3584940065276,924.03955078125 629.0074462890625 1032.5474853515625 683.47216796875,0.51203852891922,AS50AV,0.1839936382024124
895,297,809.0139097421933 502.3291096673081 1187.9266243474758 816.7259636462709,931.3643188476562 626.2939453125 1028.08349609375 672.7718505859375,0.4283581078052521,AS50AL,0.13657161582371335
896,297,816.059660611017 501.5126363193614 1190.8257591887598 813.2975469611803,939.2648315429688 623.6270345052084 1037.294677734375 668.9479777018229,0,0,0
897,297,823.1054114798408 500.6961629714147 1193.7248940300435 809.8691302760895,947.1653442382812 620.9601236979166 1046.505859375 665.1241048177084,0,0,0
898,297,830.1511623486645 499.879689623468 1196.6240288713275 806.4407135909989,955.0658569335938 618.293212890625 1055.717041015625 661.3002319335938,0.27873605489730835,FAS50A,0.12958846674572683
899,297,836.6749020586242 500.0315935833602 1199.0940083852315 804.5523272747871,958.8203430175781 619.3256530761719 1054.9407958984375 661.8401794433594,0,0,0
900,297,843.1986417685838 500.18349754325243 1201.5639878991356 802.6639409585754,962.5748291015625 620.3580932617188 1054.16455078125 662.380126953125,0.2654759883880615,TAS50A,0.014752967008223913
901,297,849.170673851333 501.1529345952403 1204.6408554155364 800.7985686548695,960.5068359375 620.3109436035156 1055.7079467773438 662.5211791992188,0,0,0
902,297,855.1427059340824 502.1223716472282 1207.7177229319375 798.9331963511638,958.4388427734375 620.2637939453125 1057.2513427734375 662.6622314453125,0.250262051820755,LAS50X,0.023178227281663653
